--PAIS
INSERT INTO PAIS (ID_PAIS, NOME_PAIS) VALUES (1, 'Brasil');
INSERT INTO PAIS (ID_PAIS, NOME_PAIS) VALUES (2, 'Estados Unidos');
INSERT INTO PAIS (ID_PAIS, NOME_PAIS) VALUES (3, 'Canadá');
INSERT INTO PAIS (ID_PAIS, NOME_PAIS) VALUES (4, 'Alemanha');
INSERT INTO PAIS (ID_PAIS, NOME_PAIS) VALUES (5, 'Japão');

--ESTADO
INSERT INTO ESTADO (ID_ESTADO, NOME_ESTADO, ID_PAIS) VALUES (1, 'São Paulo', 1);
INSERT INTO ESTADO (ID_ESTADO, NOME_ESTADO, ID_PAIS) VALUES (2, 'Rio de Janeiro', 1);
INSERT INTO ESTADO (ID_ESTADO, NOME_ESTADO, ID_PAIS) VALUES (3, 'Califórnia', 2);
INSERT INTO ESTADO (ID_ESTADO, NOME_ESTADO, ID_PAIS) VALUES (4, 'Minas Gerais', 3);
INSERT INTO ESTADO (ID_ESTADO, NOME_ESTADO, ID_PAIS) VALUES (5, 'Pernambuco', 4);

--CIDADE
INSERT INTO CIDADE (ID_CIDADE, NOME_CIDADE, ID_ESTADO) VALUES (1, 'São Paulo', 1);
INSERT INTO CIDADE (ID_CIDADE, NOME_CIDADE, ID_ESTADO) VALUES (2, 'Rio de Janeiro', 2);
INSERT INTO CIDADE (ID_CIDADE, NOME_CIDADE, ID_ESTADO) VALUES (3, 'Los Angeles', 3);
INSERT INTO CIDADE (ID_CIDADE, NOME_CIDADE, ID_ESTADO) VALUES (4, 'Montreal', 4);
INSERT INTO CIDADE (ID_CIDADE, NOME_CIDADE, ID_ESTADO) VALUES (5, 'Munique', 5);

--BAIRRO
INSERT INTO BAIRRO (ID_BAIRRO, NOME_BAIRRO, ID_CIDADE) VALUES (1, 'Moema', 1);
INSERT INTO BAIRRO (ID_BAIRRO, NOME_BAIRRO, ID_CIDADE) VALUES (2, 'Copacabana', 2);
INSERT INTO BAIRRO (ID_BAIRRO, NOME_BAIRRO, ID_CIDADE) VALUES (3, 'Hollywood', 3);
INSERT INTO BAIRRO (ID_BAIRRO, NOME_BAIRRO, ID_CIDADE) VALUES (4, 'Plateau', 4);
INSERT INTO BAIRRO (ID_BAIRRO, NOME_BAIRRO, ID_CIDADE) VALUES (5, 'Schwabing', 5);

--ENDERECO_CLIENTE
INSERT INTO ENDERECO_CLIENTE (ID_ENDERECO, CEP, LOGRADOURO, NUMERO, REFERENCIA, ID_BAIRRO) 
VALUES (1, '04567-001', 'Avenida Ibirapuera', 100, 'Próximo ao shopping', 1);
INSERT INTO ENDERECO_CLIENTE (ID_ENDERECO, CEP, LOGRADOURO, NUMERO, REFERENCIA, ID_BAIRRO) 
VALUES (2, '22060-001', 'Avenida Atlântica', 200, 'Frente à praia', 2);
INSERT INTO ENDERECO_CLIENTE (ID_ENDERECO, CEP, LOGRADOURO, NUMERO, REFERENCIA, ID_BAIRRO) 
VALUES (3, '90028', 'Sunset Boulevard', 300, 'Perto da Calçada da Fama', 3);
INSERT INTO ENDERECO_CLIENTE (ID_ENDERECO, CEP, LOGRADOURO, NUMERO, REFERENCIA, ID_BAIRRO) 
VALUES (4, 'H2X 1T1', 'Saint Laurent', 400, 'Ao lado do teatro', 4);
INSERT INTO ENDERECO_CLIENTE (ID_ENDERECO, CEP, LOGRADOURO, NUMERO, REFERENCIA, ID_BAIRRO) 
VALUES (5, '80802', 'Leopoldstrasse', 500, 'Próximo ao parque', 5);
